date,season,neutral,playoff,team1,team2,elo1_pre,elo2_pre,elo_prob1,elo_prob2,elo1_post,elo2_post,qbelo1_pre,qbelo2_pre,qb1,qb2,qb1_value_pre,qb2_value_pre,qb1_adj,qb2_adj,qbelo_prob1,qbelo_prob2,qb1_game_value,qb2_game_value,qb1_value_post,qb2_value_post,qbelo1_post,qbelo2_post,score1,score2,quality,importance,total_rating
9/9/2021,2021,0,,TB,DAL,1656.23593,1452.424236,0.824538544,0.175461456,1659.671437,1448.988729,1634.451744,1505.628824,Tom Brady,Dak Prescott,213.4105502,231.4917988,8.527869372,17.88119636,0.736090278,0.263909722,317.1285662,397.4017252,223.7823518,248.0827915,1639.815956,1500.264612,31,29,85,48,67
9/12/2021,2021,0,,HOU,JAX,1432.775542,1339.023563,0.713787315,0.286212685,1447.902046,1323.89706,1357.112601,1385.363782,Tyrod Taylor,Trevor Lawrence,120.4686419,112.90158,-101.6448495,-6.469035658,0.407361323,0.592638677,287.4284574,82.47906906,137.1646234,109.8593289,1391.718434,1350.757949,37,21,0,17,9
9/12/2021,2021,0,,WSH,LAC,1463.233796,1496.945335,0.544906384,0.455093616,1445.440885,1514.738246,1489.487976,1517.602101,Ryan Fitzpatrick,Justin Herbert,190.4666913,191.6913553,24.82321314,5.549695243,0.579076498,0.420923502,-1.928192384,180.0523305,171.2272029,190.5274528,1470.366598,1536.723479,16,20,58,67,63
9/12/2021,2021,0,,IND,SEA,1561.490084,1565.751134,0.586530641,0.413469359,1530.547371,1596.693848,1527.521731,1553.102962,Carson Wentz,Russell Wilson,102.4692232,187.0306528,-21.75685134,-0.326868514,0.522245106,0.477754894,216.6669724,246.6523176,113.8889981,192.9928193,1500.541394,1580.0833,16,28,63,73,68
9/12/2021,2021,0,,DET,SF,1390.645249,1490.665951,0.449771155,0.550228845,1371.189983,1510.121217,1369.557634,1548.057844,Jared Goff,Jimmy Garoppolo,160.6390938,127.7485688,-1.519107943,-4.082609061,0.343426676,0.656573324,269.3849196,175.2169235,171.5136764,132.4954043,1355.200609,1562.414869,33,41,23,45,34
9/12/2021,2021,0,,TEN,ARI,1553.397217,1486.436956,0.681272166,0.318727834,1506.171519,1533.662654,1534.793055,1483.21904,Ryan Tannehill,Kyler Murray,207.7804105,217.2168649,6.311824855,5.662860138,0.65717082,0.34282918,33.68456477,302.0173112,190.3708259,225.6969095,1489.651053,1528.361042,13,38,56,59,58
9/12/2021,2021,0,,ATL,PHI,1484.493617,1426.465972,0.6700042,0.3299958,1437.713081,1473.246508,1462.273784,1432.000543,Matt Ryan,Jalen Hurts,178.596517,119.5296233,0.995672217,-7.458144689,0.635254977,0.364745023,17.56204896,382.369867,162.4930702,145.8136476,1418.481268,1475.793058,6,32,21,57,39
9/12/2021,2021,0,,BUF,PIT,1634.003861,1526.420324,0.729772904,0.270227096,1601.069885,1559.3543,1606.414731,1502.065433,Josh Allen,Ben Roethlisberger,244.6025941,218.9873385,10.20257236,9.106081842,0.716585009,0.283414991,217.5649099,83.03380414,241.8988257,205.391985,1574.257454,1534.22271,16,23,78,58,68
9/12/2021,2021,0,,CAR,NYJ,1436.539318,1381.7475,0.665872852,0.334127148,1447.894527,1370.392291,1458.537483,1392.502734,Sam Darnold,Zach Wilson,104.4716166,112.44816,-17.89988716,-2.090425534,0.649769021,0.350230979,226.6437555,-8.498819378,116.6888305,100.3534621,1470.504096,1380.536121,19,14,12,36,24
9/12/2021,2021,0,,CIN,MIN,1412.119826,1494.522721,0.474976145,0.525023855,1426.792646,1479.849901,1426.338624,1502.496763,Joe Burrow,Kirk Cousins,154.3875104,200.0234287,4.53281454,8.142599752,0.467884194,0.532115806,154.3598807,283.2565827,154.3847474,208.3467441,1441.243406,1487.591981,27,24,33,57,45
9/12/2021,2021,0,,NE,MIA,1500.997462,1532.21301,0.548467071,0.451532929,1493.275512,1539.934961,1520.037969,1528.450211,Mac Jones,Tua Tagovailoa,106.5537,128.2789392,-15.15497134,-12.3558886,0.569625166,0.430374834,257.0157591,109.7941597,121.5999059,126.4304612,1511.962538,1536.525642,16,17,54,90,72
9/12/2021,2021,1,,NO,GB,1614.959365,1629.337431,0.479320104,0.520679896,1652.522181,1591.774614,1552.724926,1584.664777,Jameis Winston,Aaron Rodgers,149.4754867,268.837927,-15.68933423,17.06913198,0.407953145,0.592046855,371.4476659,-67.6405483,171.6727046,235.1900795,1596.442818,1540.946885,38,3,80,74,77
9/12/2021,2021,0,,NYG,DEN,1425.401086,1449.695518,0.558313453,0.441686547,1394.592227,1480.504377,1446.61526,1491.919143,Daniel Jones,Teddy Bridgewater,120.8189362,160.1386781,-3.746332186,12.54490406,0.499869409,0.500130591,226.6221043,290.4182998,131.399253,173.1666403,1419.542948,1518.991455,13,27,34,60,47
9/12/2021,2021,0,,KC,CLE,1643.357787,1531.697262,0.734376067,0.265623933,1651.27235,1523.782699,1640.210048,1562.483233,Patrick Mahomes,Baker Mayfield,232.1624419,173.3769879,2.08220033,3.961711347,0.683352333,0.316647667,391.5349471,159.6176666,248.0996924,172.0010557,1649.818905,1552.874377,33,29,90,60,75
9/12/2021,2021,0,,LAR,CHI,1571.734273,1496.16718,0.691932444,0.308067556,1589.366076,1478.535377,1569.710968,1467.247603,Matthew Stafford,Andy Dalton,161.9270044,121.8784015,0.659817983,-11.19521456,0.734004053,0.265995947,312.7323574,100.7816134,177.0075397,119.7687227,1584.705753,1452.252818,34,14,54,54,54
9/13/2021,2021,0,,OAK,BAL,1473.131014,1605.839758,0.403774388,0.596225612,1497.071864,1581.898908,1456.191259,1591.699921,Derek Carr,Lamar Jackson,184.3714181,207.0564629,1.302490467,0.84267194,0.398361348,0.601638652,250.7087034,221.1194832,191.0051467,208.462765,1480.393898,1567.497283,33,27,60,65,63
9/16/2021,2021,0,,WSH,NYG,1445.440885,1394.592227,0.660803847,0.339196153,1449.907915,1390.125197,1470.366598,1419.542948,Taylor Heinicke,Daniel Jones,31.0822805,131.399253,-126.1826141,1.731142827,0.469388599,0.530611401,282.4636758,337.996005,56.22042004,152.0589282,1477.79434,1412.115206,30,29,4,48,26
9/19/2021,2021,0,,CLE,HOU,1523.782699,1447.902046,0.692317068,0.307682932,1537.650482,1434.034263,1552.874377,1391.718434,Baker Mayfield,Tyrod Taylor,172.0010557,137.1646234,3.075659714,-88.21461629,0.857614774,0.142385226,158.5114066,200.6544907,170.6520908,143.5136101,1558.854913,1385.737897,31,21,13,16,15
9/19/2021,2021,0,,CHI,CIN,1478.535377,1426.792646,0.661956483,0.338043517,1487.435642,1417.892381,1452.252818,1441.243406,Andy Dalton,Joe Burrow,119.7687227,154.3847474,-11.69029324,4.304792329,0.572900558,0.427099442,86.24004458,-39.53796946,116.4158549,134.9924757,1463.826133,1429.670091,20,17,20,49,35
9/19/2021,2021,0,,NYJ,NE,1370.392291,1493.275512,0.417461585,0.582538415,1346.021439,1517.646364,1380.536121,1511.962538,Zach Wilson,Mac Jones,100.3534621,121.5999059,-8.033253226,-6.874119815,0.391099797,0.608900203,-132.3392573,51.26785877,77.08419013,114.5667012,1357.894962,1534.603697,6,25,18,52,35
9/19/2021,2021,0,,JAX,DEN,1323.89706,1480.504377,0.371138879,0.628861121,1306.809536,1497.591901,1350.757949,1518.991455,Trevor Lawrence,Teddy Bridgewater,109.8593289,173.1666403,-7.666709422,18.43163995,0.316865732,0.683134268,-60.2927099,223.5233255,92.84412503,178.2023088,1336.430818,1533.318586,13,23,18,45,32
9/19/2021,2021,0,,IND,LAR,1530.547371,1589.366076,0.50889466,0.49110534,1516.39806,1603.515387,1500.541394,1584.705753,Carson Wentz,Matthew Stafford,113.8889981,177.0075397,-14.95912132,8.167094731,0.43555686,0.56444314,169.9588237,163.0059928,119.4959807,175.607385,1488.707414,1596.539733,24,27,68,64,66
9/19/2021,2021,0,,MIA,BUF,1539.934961,1601.069885,0.505562062,0.494437938,1503.637367,1637.367479,1536.525642,1574.257454,Tua Tagovailoa,Josh Allen,126.4304612,241.8988257,-12.66233315,8.340559526,0.501337714,0.498662286,-37.31159505,123.6812621,110.0562556,230.0770693,1500.57939,1610.203706,0,35,74,91,83
9/19/2021,2021,0,,CAR,NO,1447.894527,1652.522181,0.309221498,0.690778502,1492.087048,1608.32966,1470.504096,1596.442818,Sam Darnold,Jameis Winston,116.6888305,171.6727046,-10.89628585,-3.806258564,0.393120089,0.606879911,250.1977701,-87.30758739,130.0397245,145.7746754,1508.156057,1558.790858,26,7,60,77,69
9/19/2021,2021,0,,PIT,OAK,1559.3543,1497.071864,0.675396744,0.324603256,1526.341132,1530.085031,1534.22271,1480.393898,Ben Roethlisberger,Derek Carr,205.391985,191.0051467,1.853101034,4.554230205,0.658168289,0.341831711,135.7798001,378.2529554,198.4307665,209.7299275,1502.259423,1512.357185,17,26,53,78,66
9/19/2021,2021,0,,PHI,SF,1473.246508,1510.121217,0.540387365,0.459612635,1451.943257,1531.424468,1475.793058,1562.414869,Jalen Hurts,Jimmy Garoppolo,145.8136476,132.4954043,6.056774734,-1.505060872,0.479891372,0.520108628,218.2619646,249.6302375,153.0584793,144.2088876,1457.234483,1580.973443,11,17,59,79,69
9/19/2021,2021,0,,TB,ATL,1659.671437,1437.713081,0.839142962,0.160857038,1668.715956,1428.668562,1639.815956,1418.481268,Tom Brady,Matt Ryan,223.7823518,162.4930702,13.28737671,-7.105834794,0.847828402,0.152171598,267.8476647,176.1979299,228.1888831,163.8635561,1648.332969,1409.964255,48,25,60,19,40
9/19/2021,2021,0,,ARI,MIN,1533.662654,1479.849901,0.664617761,0.335382239,1538.073811,1475.438744,1528.361042,1487.591981,Kyler Murray,Kirk Cousins,225.6969095,208.3467441,9.61973945,11.89712747,0.638243576,0.361756424,383.2181777,331.2766276,241.4490363,220.6397324,1533.16087,1482.792153,34,33,58,73,66
9/19/2021,2021,0,,LAC,DAL,1514.738246,1448.988729,0.679756875,0.320243125,1494.700509,1469.026466,1536.723479,1500.264612,Justin Herbert,Dak Prescott,190.5274528,248.0827915,4.690259242,25.28263286,0.607358252,0.392641748,179.798429,145.9745083,189.4545504,237.8719632,1519.283199,1517.704892,17,20,66,66,66
9/19/2021,2021,0,,SEA,TEN,1596.693848,1506.171519,0.709974147,0.290025853,1575.511783,1527.353584,1580.0833,1489.651053,Russell Wilson,Ryan Tannehill,192.9928193,190.3708259,2.670558153,-2.708558675,0.71372937,0.28627063,242.3327367,220.3199148,197.926811,193.3657348,1558.756021,1510.978332,30,33,66,52,59
9/19/2021,2021,0,,BAL,KC,1581.898908,1651.27235,0.493706443,0.506293557,1588.931607,1644.239651,1567.497283,1649.818905,Lamar Jackson,Patrick Mahomes,208.462765,248.0996924,1.503689357,9.946715574,0.454165616,0.545834384,348.9430742,366.1795592,222.5107959,259.9076791,1575.175625,1642.140562,36,35,93,81,87
9/20/2021,2021,0,,GB,DET,1591.774614,1371.189983,0.838072687,0.161927313,1600.214699,1362.749899,1540.946885,1355.200609,Aaron Rodgers,Jared Goff,235.1900795,171.5136764,-0.608248381,3.994138745,0.79674912,0.20325088,245.2923684,292.1215736,236.2003084,183.5744661,1551.750669,1344.396826,35,17,21,33,27
9/23/2021,2021,0,,HOU,CAR,1434.034263,1492.087048,0.509996514,0.490003486,,,,,Davis Mills,Sam Darnold,82.97586,130.0397245,-141.1671423,-3.67602458,0.239009373,0.760990627,,,,,,,,,2,26,14
9/26/2021,2021,0,,CLE,CHI,1537.650482,1487.435642,0.659985574,0.340014426,,,,,Baker Mayfield,,170.6520908,110.3794987,2.247394272,-18.81856865,0.729474921,0.270525079,,,,,,,,,49,48,49
9/26/2021,2021,0,,TEN,IND,1527.353584,1516.39806,0.607600024,0.392399976,,,,,Ryan Tannehill,,193.3657348,85.69395932,-1.075676299,-45.20969536,0.66921508,0.33078492,,,,,,,,,36,94,65
9/26/2021,2021,0,,NE,NO,1517.646364,1608.32966,0.463105944,0.536894056,,,,,Mac Jones,Jameis Winston,114.5667012,145.7746754,-10.04701618,-16.56496024,0.561137163,0.438862837,,,,,,,,,66,74,70
9/26/2021,2021,0,,PIT,CIN,1526.341132,1417.892381,0.730753971,0.269246029,,,,,,Joe Burrow,192.0426271,134.9924757,-8.108302709,-5.60658313,0.673921589,0.326078411,,,,,,,,,28,58,43
9/26/2021,2021,0,,BUF,WSH,1637.367479,1449.907915,0.810501805,0.189498195,,,,,Josh Allen,Taylor Heinicke,230.0770693,56.22042004,2.012653373,-107.3044136,0.847441405,0.152558595,,,,,,,,,38,18,28
9/26/2021,2021,0,,NYG,ATL,1390.125197,1428.668562,0.538000736,0.461999264,,,,,Daniel Jones,Matt Ryan,152.0589282,163.8635561,11.97442328,-6.065300065,0.610652448,0.389347552,,,,,,,,,11,19,15
9/26/2021,2021,0,,DET,BAL,1362.749899,1588.931607,0.283363848,0.716636152,,,,,Jared Goff,Lamar Jackson,183.5744661,222.5107959,9.824826669,8.452520354,0.2699616,0.7300384,,,,,,,,,28,25,27
9/26/2021,2021,0,,KC,LAC,1644.239651,1494.700509,0.77469015,0.22530985,,,,,Patrick Mahomes,Justin Herbert,259.9076791,189.4545504,15.35337314,3.919295087,0.754201597,0.245798403,,,,,,,,,86,57,72
9/26/2021,2021,0,,JAX,ARI,1306.809536,1538.073811,0.27746038,0.72253962,,,,,Trevor Lawrence,Kyler Murray,92.84412503,241.4490363,-15.79097589,17.01481589,0.276248344,0.723751656,,,,,,,,,15,28,22
9/26/2021,2021,0,,OAK,MIA,1530.085031,1503.637367,0.628646597,0.371353403,,,,,,,145.9399532,117.7686694,-50.10106523,-12.50390551,0.554288479,0.445711521,,,,,,,,,35,93,64
9/26/2021,2021,0,,DEN,NYJ,1497.591901,1346.021439,0.776724588,0.223275412,,,,,Teddy Bridgewater,Zach Wilson,178.2023088,77.08419013,20.02789221,-19.26622653,0.830624872,0.169375128,,,,,,,,,19,18,19
9/26/2021,2021,0,,MIN,SEA,1475.438744,1575.511783,0.449696597,0.550303403,,,,,Kirk Cousins,Russell Wilson,220.6397324,197.926811,17.44876527,5.004026114,0.495760216,0.504239784,,,,,,,,,65,78,72
9/26/2021,2021,0,,LAR,TB,1603.515387,1668.715956,0.499711357,0.500288643,,,,,Matthew Stafford,Tom Brady,175.607385,228.1888831,7.058662646,14.82627352,0.505836098,0.494163902,,,,,,,,,96,88,92
9/26/2021,2021,0,,SF,GB,1531.424468,1600.214699,0.494545636,0.505454364,,,,,Jimmy Garoppolo,Aaron Rodgers,144.2088876,236.2003084,4.426933833,-0.072721517,0.634825445,0.365174555,,,,,,,,,80,64,72
9/27/2021,2021,0,,DAL,PHI,1469.026466,1451.943257,0.615977415,0.384022585,,,,,Dak Prescott,Jalen Hurts,237.8719632,153.0584793,18.91308705,9.376351847,0.679146458,0.320853542,,,,,,,,,49,89,69
9/30/2021,2021,0,,CIN,JAX,1417.892381,1306.809536,0.733726885,0.266273115,,,,,Joe Burrow,Trevor Lawrence,134.9924757,92.84412503,-5.60658313,-15.79097589,0.716349953,0.283650047,,,,,,,,,3,15,9
10/3/2021,2021,0,,BUF,HOU,1637.367479,1434.034263,0.824139705,0.175860295,,,,,Josh Allen,,230.0770693,110.8232251,2.012653373,-113.3197772,0.909074037,0.090925963,,,,,,,,,14,7,11
10/3/2021,2021,0,,NO,NYG,1608.32966,1390.125197,0.836204697,0.163795303,,,,,Jameis Winston,Daniel Jones,145.7746754,152.0589282,-16.56496024,11.97442328,0.73567612,0.26432388,,,,,,,,,38,44,41
10/3/2021,2021,0,,ATL,WSH,1428.668562,1449.907915,0.562645708,0.437354292,,,,,Matt Ryan,Taylor Heinicke,163.8635561,56.22042004,-6.065300065,-107.3044136,0.627520689,0.372479311,,,,,,,,,5,29,17
10/3/2021,2021,0,,PHI,KC,1451.943257,1644.239651,0.324585642,0.675414358,,,,,Jalen Hurts,Patrick Mahomes,153.0584793,259.9076791,9.376351847,15.35337314,0.318979545,0.681020455,,,,,,,,,76,51,64
10/3/2021,2021,0,,MIN,CLE,1475.438744,1537.650482,0.504012546,0.495987454,,,,,Kirk Cousins,Baker Mayfield,220.6397324,170.6520908,17.44876527,2.247394272,0.49518672,0.50481328,,,,,,,,,64,66,65
10/3/2021,2021,0,,NYJ,TEN,1346.021439,1527.353584,0.338572606,0.661427394,,,,,Zach Wilson,Ryan Tannehill,77.08419013,193.3657348,-19.26622653,-1.075676299,0.342566131,0.657433869,,,,,,,,,13,30,22
10/3/2021,2021,0,,MIA,IND,1503.637367,1516.39806,0.574616959,0.425383041,,,,,,,111.1359935,105.9751721,-19.13658137,-24.92848253,0.608649807,0.391350193,,,,,,,,,34,78,56
10/3/2021,2021,0,,CHI,DET,1487.435642,1362.749899,0.748742893,0.251257107,,,,,,Jared Goff,115.5305226,183.5744661,-13.66754472,9.824826669,0.705643192,0.294356808,,,,,,,,,7,26,17
10/3/2021,2021,0,,DAL,CAR,1469.026466,1492.087048,0.56006422,0.43993578,,,,,Dak Prescott,Sam Darnold,237.8719632,130.0397245,18.91308705,-3.67602458,0.627939478,0.372060522,,,,,,,,,59,79,69
10/3/2021,2021,0,,LAR,ARI,1603.515387,1538.073811,0.679370867,0.320629133,,,,,Matthew Stafford,Kyler Murray,175.607385,241.4490363,7.058662646,17.01481589,0.6529895,0.3470105,,,,,,,,,83,79,81
10/3/2021,2021,0,,SF,SEA,1531.424468,1575.511783,0.53005948,0.46994052,,,,,Jimmy Garoppolo,Russell Wilson,144.2088876,197.926811,4.426933833,5.004026114,0.612282313,0.387717687,,,,,,,,,82,86,84
10/3/2021,2021,0,,GB,PIT,1600.214699,1526.341132,0.689850509,0.310149491,,,,,Aaron Rodgers,Ben Roethlisberger,236.2003084,198.4307665,-0.072721517,-1.720163266,0.650769329,0.349230671,,,,,,,,,62,62,62
10/3/2021,2021,0,,DEN,BAL,1497.591901,1588.931607,0.462166569,0.537833431,,,,,Teddy Bridgewater,Lamar Jackson,178.2023088,222.5107959,20.02789221,8.452520354,0.544146112,0.455853888,,,,,,,,,80,87,84
10/3/2021,2021,0,,NE,TB,1517.646364,1668.715956,0.378609024,0.621390976,,,,,Mac Jones,Tom Brady,114.5667012,228.1888831,-10.04701618,14.82627352,0.388297936,0.611702064,,,,,,,,,87,65,76
10/4/2021,2021,0,,LAC,OAK,1494.700509,1530.085031,0.542517173,0.457482827,,,,,Justin Herbert,Derek Carr,189.4545504,209.7299275,3.919295087,13.68890913,0.575805297,0.424194703,,,,,,,,,61,90,76
10/7/2021,2021,0,,SEA,LAR,1575.511783,1603.515387,0.553041767,0.446958233,,,,,Russell Wilson,Matthew Stafford,197.926811,175.607385,5.004026114,7.058662646,0.527353708,0.472646292,,,,,,,,,85,88,87
10/10/2021,2021,1,,ATL,NYJ,1428.668562,1346.021439,0.616745,0.383255,,,,,Matt Ryan,Zach Wilson,163.8635561,77.08419013,-6.065300065,-19.26622653,0.592841754,0.407158246,,,,,,,,,3,10,7
10/10/2021,2021,0,,CIN,GB,1417.892381,1600.214699,0.337297342,0.662702658,,,,,Joe Burrow,Aaron Rodgers,134.9924757,236.2003084,-5.60658313,-0.072721517,0.399290945,0.600709055,,,,,,,,,41,55,48
10/10/2021,2021,0,,PIT,DEN,1526.341132,1497.591901,0.631734241,0.368265759,,,,,Ben Roethlisberger,Teddy Bridgewater,198.4307665,178.2023088,-1.720163266,20.02789221,0.510749914,0.489250086,,,,,,,,,62,87,75
10/10/2021,2021,0,,CAR,PHI,1492.087048,1451.943257,0.646857946,0.353142054,,,,,Sam Darnold,Jalen Hurts,130.0397245,153.0584793,-3.67602458,9.376351847,0.632959862,0.367040138,,,,,,,,,41,82,62
10/10/2021,2021,0,,TB,MIA,1668.715956,1503.637367,0.789919263,0.210080737,,,,,Tom Brady,Tua Tagovailoa,228.1888831,110.0562556,14.82627352,-20.2163193,0.797930589,0.202069411,,,,,,,,,80,38,59
10/10/2021,2021,0,,JAX,TEN,1306.809536,1527.353584,0.290000109,0.709999891,,,,,Trevor Lawrence,Ryan Tannehill,92.84412503,193.3657348,-15.79097589,-1.075676299,0.318356448,0.681643552,,,,,,,,,10,45,28
10/10/2021,2021,0,,WSH,NO,1449.907915,1608.32966,0.368704442,0.631295558,,,,,Taylor Heinicke,Jameis Winston,56.22042004,145.7746754,-107.3044136,-16.56496024,0.343089377,0.656910623,,,,,,,,,24,66,45
10/10/2021,2021,0,,MIN,DET,1475.438744,1362.749899,0.735529166,0.264470834,,,,,Kirk Cousins,Jared Goff,220.6397324,183.5744661,17.44876527,9.824826669,0.763080342,0.236919658,,,,,,,,,14,25,20
10/10/2021,2021,0,,HOU,NE,1434.034263,1517.646364,0.473240627,0.526759373,,,,,Tyrod Taylor,Mac Jones,143.5136101,114.5667012,-80.62939211,-10.04701618,0.287010994,0.712989006,,,,,,,,,9,37,23
10/10/2021,2021,0,,OAK,CHI,1530.085031,1487.435642,0.650145697,0.349854303,,,,,Derek Carr,Andy Dalton,209.7299275,116.4158549,13.68890913,-12.78221248,0.686440912,0.313559088,,,,,,,,,42,58,50
10/10/2021,2021,0,,LAC,CLE,1494.700509,1537.650482,0.531690004,0.468309996,,,,,Justin Herbert,Baker Mayfield,189.4545504,170.6520908,3.919295087,2.247394272,0.536372937,0.463627063,,,,,,,,,69,88,79
10/10/2021,2021,0,,DAL,NYG,1469.026466,1390.125197,0.696008534,0.303991466,,,,,Dak Prescott,Daniel Jones,237.8719632,152.0589282,18.91308705,11.97442328,0.730329043,0.269670957,,,,,,,,,36,59,48
10/10/2021,2021,0,,ARI,SF,1538.073811,1531.424468,0.601674425,0.398325575,,,,,Kyler Murray,Jimmy Garoppolo,241.4490363,144.2088876,17.01481589,4.426933833,0.532088149,0.467911851,,,,,,,,,80,87,84
10/10/2021,2021,0,,KC,BUF,1644.239651,1637.367479,0.601981799,0.398018201,,,,,Patrick Mahomes,Josh Allen,259.9076791,230.0770693,15.35337314,2.012653373,0.644972594,0.355027406,,,,,,,,,96,73,85
10/11/2021,2021,0,,BAL,IND,1588.931607,1516.39806,0.688197684,0.311802316,,,,,Lamar Jackson,Carson Wentz,222.5107959,119.4959807,8.452520354,-11.40767397,0.719185094,0.280814906,,,,,,,,,63,64,64
10/14/2021,2021,0,,PHI,TB,1451.943257,1668.715956,0.294490418,0.705509582,,,,,Jalen Hurts,Tom Brady,153.0584793,228.1888831,9.376351847,14.82627352,0.311414556,0.688585444,,,,,,,,,77,65,71
10/17/2021,2021,1,,JAX,MIA,1306.809536,1503.637367,0.243601976,0.756398024,,,,,Trevor Lawrence,Tua Tagovailoa,92.84412503,110.0562556,-15.79097589,-20.2163193,0.285071846,0.714928154,,,,,,,,,6,36,21
10/17/2021,2021,0,,WSH,KC,1449.907915,1644.239651,0.322022362,0.677977638,,,,,Taylor Heinicke,Patrick Mahomes,56.22042004,259.9076791,-107.3044136,15.35337314,0.211861705,0.788138295,,,,,,,,,49,31,40
10/17/2021,2021,0,,IND,HOU,1516.39806,1434.034263,0.70020919,0.29979081,,,,,Carson Wentz,Tyrod Taylor,119.4959807,143.5136101,-11.40767397,-80.62939211,0.790491934,0.209508066,,,,,,,,,5,32,19
10/17/2021,2021,0,,BAL,LAC,1588.931607,1494.700509,0.714350435,0.285649565,,,,,Lamar Jackson,Justin Herbert,222.5107959,189.4545504,8.452520354,3.919295087,0.672158715,0.327841285,,,,,,,,,74,81,78
10/17/2021,2021,0,,NYG,LAR,1390.125197,1603.515387,0.29855201,0.70144799,,,,,Daniel Jones,Matthew Stafford,152.0589282,175.607385,11.97442328,7.058662646,0.340678466,0.659321534,,,,,,,,,53,50,52
10/17/2021,2021,0,,CAR,MIN,1492.087048,1475.438744,0.61538504,0.38461496,,,,,Sam Darnold,Kirk Cousins,130.0397245,220.6397324,-3.67602458,17.44876527,0.589676083,0.410323917,,,,,,,,,50,81,66
10/17/2021,2021,0,,CHI,GB,1487.435642,1600.214699,0.431670606,0.568329394,,,,,Andy Dalton,Aaron Rodgers,116.4158549,236.2003084,-12.78221248,-0.072721517,0.43574337,0.56425663,,,,,,,,,48,94,71
10/17/2021,2021,0,,DET,CIN,1362.749899,1417.892381,0.514182303,0.485817697,,,,,Jared Goff,Joe Burrow,183.5744661,134.9924757,9.824826669,-5.60658313,0.480017481,0.519982519,,,,,,,,,5,22,14
10/17/2021,2021,0,,CLE,ARI,1537.650482,1538.073811,0.591877713,0.408122287,,,,,Baker Mayfield,Kyler Murray,170.6520908,241.4490363,2.247394272,17.01481589,0.603460547,0.396539453,,,,,,,,,75,74,75
10/17/2021,2021,0,,DEN,OAK,1497.591901,1530.085031,0.546645116,0.453354884,,,,,Teddy Bridgewater,Derek Carr,178.2023088,209.7299275,20.02789221,13.68890913,0.619583488,0.380416512,,,,,,,,,68,90,79
10/17/2021,2021,0,,NE,DAL,1517.646364,1469.026466,0.657922249,0.342077751,,,,,Mac Jones,Dak Prescott,114.5667012,237.8719632,-10.04701618,18.91308705,0.570254738,0.429745262,,,,,,,,,64,77,71
10/17/2021,2021,0,,PIT,SEA,1526.341132,1575.511783,0.522764516,0.477235484,,,,,Ben Roethlisberger,Russell Wilson,198.4307665,197.926811,-1.720163266,5.004026114,0.500453229,0.499546771,,,,,,,,,65,78,72
10/18/2021,2021,0,,TEN,BUF,1527.353584,1637.367479,0.435579844,0.564420156,,,,,Ryan Tannehill,Josh Allen,193.3657348,230.0770693,-1.075676299,2.012653373,0.435859936,0.564140064,,,,,,,,,77,62,70
10/21/2021,2021,0,,CLE,DEN,1537.650482,1497.591901,0.646745889,0.353254111,,,,,Baker Mayfield,Teddy Bridgewater,170.6520908,178.2023088,2.247394272,20.02789221,0.596161274,0.403838726,,,,,,,,,76,89,83
10/24/2021,2021,0,,TEN,KC,1527.353584,1644.239651,0.425880148,0.574119852,,,,,Ryan Tannehill,Patrick Mahomes,193.3657348,259.9076791,-1.075676299,15.35337314,0.372327865,0.627672135,,,,,,,,,84,63,74
10/24/2021,2021,0,,BAL,CIN,1588.931607,1417.892381,0.795556629,0.204443371,,,,,Lamar Jackson,Joe Burrow,222.5107959,134.9924757,8.452520354,-5.60658313,0.776412101,0.223587899,,,,,,,,,48,57,53
10/24/2021,2021,0,,GB,WSH,1600.214699,1449.907915,0.775460512,0.224539488,,,,,Aaron Rodgers,Taylor Heinicke,236.2003084,56.22042004,-0.072721517,-107.3044136,0.798284304,0.201715696,,,,,,,,,26,38,32
10/24/2021,2021,0,,NE,NYJ,1517.646364,1346.021439,0.796104453,0.203895547,,,,,Mac Jones,Zach Wilson,114.5667012,77.08419013,-10.04701618,-19.26622653,0.776764141,0.223235859,,,,,,,,,15,31,23
10/24/2021,2021,0,,MIA,ATL,1503.637367,1428.668562,0.691197825,0.308802175,,,,,Tua Tagovailoa,Matt Ryan,110.0562556,163.8635561,-20.2163193,-6.065300065,0.651704825,0.348295175,,,,,,,,,20,45,33
10/24/2021,2021,0,,NYG,CAR,1390.125197,1492.087048,0.447007387,0.552992613,,,,,Daniel Jones,Sam Darnold,152.0589282,130.0397245,11.97442328,-3.67602458,0.466584809,0.533415191,,,,,,,,,30,61,46
10/24/2021,2021,0,,LAR,DET,1603.515387,1362.749899,0.853225645,0.146774355,,,,,Matthew Stafford,Jared Goff,175.607385,183.5744661,7.058662646,9.824826669,0.857898518,0.142101482,,,,,,,,,32,17,25
10/24/2021,2021,0,,OAK,PHI,1530.085031,1451.943257,0.69508271,0.30491729,,,,,Derek Carr,Jalen Hurts,209.7299275,153.0584793,13.68890913,9.376351847,0.670160717,0.329839283,,,,,,,,,47,68,58
10/24/2021,2021,0,,ARI,HOU,1538.073811,1434.034263,0.725730963,0.274269037,,,,,Kyler Murray,Tyrod Taylor,241.4490363,143.5136101,17.01481589,-80.62939211,0.852073676,0.147926324,,,,,,,,,12,17,15
10/24/2021,2021,0,,TB,CHI,1668.715956,1487.435642,0.804978138,0.195021862,,,,,Tom Brady,Andy Dalton,228.1888831,116.4158549,14.82627352,-12.78221248,0.826458168,0.173541832,,,,,,,,,73,33,53
10/24/2021,2021,0,,SF,IND,1531.424468,1516.39806,0.613172878,0.386827122,,,,,Jimmy Garoppolo,Carson Wentz,144.2088876,119.4959807,4.426933833,-11.40767397,0.755397063,0.244602937,,,,,,,,,63,46,55
10/25/2021,2021,0,,SEA,NO,1575.511783,1608.32966,0.546181794,0.453818206,,,,,Russell Wilson,Jameis Winston,197.926811,145.7746754,5.004026114,-16.56496024,0.585409142,0.414590858,,,,,,,,,74,94,84
10/28/2021,2021,0,,ARI,GB,1538.073811,1600.214699,0.504114501,0.495885499,,,,,Kyler Murray,Aaron Rodgers,241.4490363,236.2003084,17.01481589,-0.072721517,0.584782637,0.415217363,,,,,,,,,74,82,78
10/31/2021,2021,0,,CHI,SF,1487.435642,1531.424468,0.530200703,0.469799297,,,,,Andy Dalton,Jimmy Garoppolo,116.4158549,144.2088876,-12.78221248,4.426933833,0.397942118,0.602057882,,,,,,,,,56,67,62
10/31/2021,2021,0,,DET,PHI,1362.749899,1451.943257,0.465239124,0.534760876,,,,,Jared Goff,Jalen Hurts,183.5744661,153.0584793,9.824826669,9.376351847,0.420640705,0.579359295,,,,,,,,,10,39,25
10/31/2021,2021,0,,HOU,LAR,1434.034263,1603.515387,0.354013926,0.645986074,,,,,Tyrod Taylor,Matthew Stafford,143.5136101,175.607385,-80.62939211,7.058662646,0.20262841,0.79737159,,,,,,,,,19,23,21
10/31/2021,2021,0,,IND,TEN,1516.39806,1527.353584,0.577154959,0.422845041,,,,,Carson Wentz,Ryan Tannehill,119.4959807,193.3657348,-11.40767397,-1.075676299,0.533624702,0.466375298,,,,,,,,,45,97,71
10/31/2021,2021,0,,CLE,PIT,1537.650482,1526.341132,0.608085532,0.391914468,,,,,Baker Mayfield,Ben Roethlisberger,170.6520908,198.4307665,2.247394272,-1.720163266,0.628072852,0.371927148,,,,,,,,,64,93,79
10/31/2021,2021,0,,NYJ,CIN,1346.021439,1417.892381,0.490113208,0.509886792,,,,,Zach Wilson,Joe Burrow,77.08419013,134.9924757,-19.26622653,-5.60658313,0.459546119,0.540453881,,,,,,,,,4,25,15
10/31/2021,2021,0,,BUF,MIA,1637.367479,1503.637367,0.758410077,0.241589923,,,,,Josh Allen,Tua Tagovailoa,230.0770693,110.0562556,2.012653373,-20.2163193,0.776671745,0.223328255,,,,,,,,,70,67,69
10/31/2021,2021,0,,ATL,CAR,1428.668562,1492.087048,0.502275965,0.497724035,,,,,Matt Ryan,Sam Darnold,163.8635561,130.0397245,-6.065300065,-3.67602458,0.436058403,0.563941597,,,,,,,,,24,64,44
10/31/2021,2021,0,,SEA,JAX,1575.511783,1306.809536,0.872243726,0.127756274,,,,,Russell Wilson,Trevor Lawrence,197.926811,92.84412503,5.004026114,-15.79097589,0.8359971,0.1640029,,,,,,,,,17,18,18
10/31/2021,2021,0,,LAC,NE,1494.700509,1517.646364,0.560226937,0.439773063,,,,,Justin Herbert,Mac Jones,189.4545504,114.5667012,3.919295087,-10.04701618,0.625371605,0.374628395,,,,,,,,,61,92,77
10/31/2021,2021,0,,DEN,WSH,1497.591901,1449.907915,0.656708696,0.343291304,,,,,Teddy Bridgewater,,178.2023088,89.57238706,20.02789221,-73.95244659,0.770616372,0.229383628,,,,,,,,,35,44,40
10/31/2021,2021,0,,NO,TB,1608.32966,1668.715956,0.506639264,0.493360736,,,,,Jameis Winston,Tom Brady,145.7746754,228.1888831,-16.56496024,14.82627352,0.408897009,0.591102991,,,,,,,,,90,89,90
10/31/2021,2021,0,,MIN,DAL,1475.438744,1469.026466,0.601347322,0.398652678,,,,,Kirk Cousins,Dak Prescott,220.6397324,237.8719632,17.44876527,18.91308705,0.531767369,0.468232631,,,,,,,,,58,77,68
11/1/2021,2021,0,,KC,NYG,1644.239651,1390.125197,0.862590015,0.137409985,,,,,Patrick Mahomes,Daniel Jones,259.9076791,152.0589282,15.35337314,11.97442328,0.843593556,0.156406444,,,,,,,,,65,19,42
11/4/2021,2021,0,,IND,NYJ,1516.39806,1346.021439,0.794935554,0.205064446,,,,,Carson Wentz,Zach Wilson,119.4959807,77.08419013,-11.40767397,-19.26622653,0.755770292,0.244229708,,,,,,,,,8,24,16
11/7/2021,2021,0,,BAL,MIN,1588.931607,1475.438744,0.736428509,0.263571491,,,,,Lamar Jackson,Kirk Cousins,222.5107959,220.6397324,8.452520354,17.44876527,0.723546583,0.276453417,,,,,,,,,69,57,63
11/7/2021,2021,0,,NYG,OAK,1390.125197,1530.085031,0.393767368,0.606232632,,,,,Daniel Jones,Derek Carr,152.0589282,209.7299275,11.97442328,13.68890913,0.410265226,0.589734774,,,,,,,,,34,56,45
11/7/2021,2021,0,,NO,ATL,1608.32966,1428.668562,0.803510695,0.196489305,,,,,Jameis Winston,Matt Ryan,145.7746754,163.8635561,-16.56496024,-6.065300065,0.754482656,0.245517344,,,,,,,,,33,51,42
11/7/2021,2021,0,,CAR,NE,1492.087048,1517.646364,0.556517144,0.443482856,,,,,Sam Darnold,Mac Jones,130.0397245,114.5667012,-3.67602458,-10.04701618,0.554086294,0.445913706,,,,,,,,,56,85,71
11/7/2021,2021,0,,DAL,DEN,1469.026466,1497.591901,0.55224219,0.44775781,,,,,Dak Prescott,Teddy Bridgewater,237.8719632,178.2023088,18.91308705,20.02789221,0.558577303,0.441422697,,,,,,,,,71,75,73
11/7/2021,2021,0,,MIA,HOU,1503.637367,1434.034263,0.684566466,0.315433534,,,,,Tua Tagovailoa,Tyrod Taylor,110.0562556,143.5136101,-20.2163193,-80.62939211,0.793739034,0.206260966,,,,,,,,,5,31,18
11/7/2021,2021,0,,CIN,CLE,1417.892381,1537.650482,0.421842826,0.578157174,,,,,Joe Burrow,Baker Mayfield,134.9924757,170.6520908,-5.60658313,2.247394272,0.385300156,0.614699844,,,,,,,,,43,81,62
11/7/2021,2021,0,,JAX,BUF,1306.809536,1637.367479,0.178187719,0.821812281,,,,,Trevor Lawrence,Josh Allen,92.84412503,230.0770693,-15.79097589,2.012653373,0.207232971,0.792767029,,,,,,,,,24,20,22
11/7/2021,2021,0,,PHI,LAC,1451.943257,1494.700509,0.531966228,0.468033772,,,,,Jalen Hurts,Justin Herbert,153.0584793,189.4545504,9.376351847,3.919295087,0.511515317,0.488484683,,,,,,,,,46,76,61
11/7/2021,2021,0,,KC,GB,1644.239651,1600.214699,0.651944633,0.348055367,,,,,Patrick Mahomes,Aaron Rodgers,259.9076791,236.2003084,15.35337314,-0.072721517,0.718550321,0.281449679,,,,,,,,,90,50,70
11/7/2021,2021,0,,SF,ARI,1531.424468,1538.073811,0.583192632,0.416807368,,,,,Jimmy Garoppolo,Kyler Murray,144.2088876,241.4490363,4.426933833,17.01481589,0.630431521,0.369568479,,,,,,,,,80,87,84
11/7/2021,2021,0,,LAR,TEN,1603.515387,1527.353584,0.692661709,0.307338291,,,,,Matthew Stafford,Ryan Tannehill,175.607385,193.3657348,7.058662646,-1.075676299,0.710350385,0.289649615,,,,,,,,,75,55,65
11/8/2021,2021,0,,PIT,CHI,1526.341132,1487.435642,0.645227924,0.354772076,,,,,Ben Roethlisberger,Andy Dalton,198.4307665,116.4158549,-1.720163266,-12.78221248,0.648148305,0.351851695,,,,,,,,,35,61,48
11/11/2021,2021,0,,MIA,BAL,1503.637367,1588.931607,0.470827411,0.529172589,,,,,Tua Tagovailoa,Lamar Jackson,110.0562556,222.5107959,-20.2163193,8.452520354,0.436327818,0.563672182,,,,,,,,,64,93,79
11/14/2021,2021,0,,TEN,NO,1527.353584,1608.32966,0.477024768,0.522975232,,,,,Ryan Tannehill,Jameis Winston,193.3657348,145.7746754,-1.075676299,-16.56496024,0.535285427,0.464714573,,,,,,,,,62,79,71
11/14/2021,2021,0,,IND,JAX,1516.39806,1306.809536,0.829297772,0.170702228,,,,,Carson Wentz,Trevor Lawrence,119.4959807,92.84412503,-11.40767397,-15.79097589,0.774614405,0.225385595,,,,,,,,,6,32,19
11/14/2021,2021,0,,DAL,ATL,1469.026466,1428.668562,0.647139445,0.352860555,,,,,Dak Prescott,Matt Ryan,237.8719632,163.8635561,18.91308705,-6.065300065,0.749804061,0.250195939,,,,,,,,,32,40,36
11/14/2021,2021,0,,NYJ,BUF,1346.021439,1637.367479,0.213668528,0.786331472,,,,,Zach Wilson,Josh Allen,77.08419013,230.0770693,-19.26622653,2.012653373,0.222373735,0.777626265,,,,,,,,,30,26,28
11/14/2021,2021,0,,NE,CLE,1517.646364,1537.650482,0.564394663,0.435605337,,,,,Mac Jones,Baker Mayfield,114.5667012,170.6520908,-10.04701618,2.247394272,0.529627612,0.470372388,,,,,,,,,70,95,83
11/14/2021,2021,0,,PIT,DET,1526.341132,1362.749899,0.788494915,0.211505085,,,,,Ben Roethlisberger,Jared Goff,198.4307665,183.5744661,-1.720163266,9.824826669,0.734909675,0.265090325,,,,,,,,,14,26,20
11/14/2021,2021,0,,WSH,TB,1449.907915,1668.715956,0.292062032,0.707937968,,,,,Ryan Fitzpatrick,Tom Brady,171.2272029,228.1888831,7.702369234,14.82627352,0.334665681,0.665334319,,,,,,,,,80,57,69
11/14/2021,2021,0,,LAC,MIN,1494.700509,1475.438744,0.618939579,0.381060421,,,,,Justin Herbert,Kirk Cousins,189.4545504,220.6397324,3.919295087,17.44876527,0.618704756,0.381295244,,,,,,,,,54,72,63
11/14/2021,2021,0,,ARI,CAR,1538.073811,1492.087048,0.654502764,0.345497236,,,,,Kyler Murray,Sam Darnold,241.4490363,130.0397245,17.01481589,-3.67602458,0.650413465,0.349586535,,,,,,,,,62,92,77
11/14/2021,2021,0,,GB,SEA,1600.214699,1575.511783,0.626298909,0.373701091,,,,,Aaron Rodgers,Russell Wilson,236.2003084,197.926811,-0.072721517,5.004026114,0.535199513,0.464800487,,,,,,,,,76,88,82
11/14/2021,2021,0,,DEN,PHI,1497.591901,1451.943257,0.654062501,0.345937499,,,,,Teddy Bridgewater,Jalen Hurts,178.2023088,153.0584793,20.02789221,9.376351847,0.701037319,0.298962681,,,,,,,,,53,63,58
11/14/2021,2021,0,,OAK,KC,1530.085031,1644.239651,0.429729043,0.570270957,,,,,Derek Carr,Patrick Mahomes,209.7299275,259.9076791,13.68890913,15.35337314,0.398054639,0.601945361,,,,,,,,,87,86,87
11/15/2021,2021,0,,SF,LAR,1531.424468,1603.515387,0.489796764,0.510203236,,,,,Jimmy Garoppolo,Matthew Stafford,144.2088876,175.607385,4.426933833,7.058662646,0.554728851,0.445271149,,,,,,,,,88,81,85
11/18/2021,2021,0,,ATL,NE,1428.668562,1517.646364,0.465547849,0.534452151,,,,,Matt Ryan,Mac Jones,163.8635561,114.5667012,-6.065300065,-10.04701618,0.411729624,0.588270376,,,,,,,,,29,50,40
11/21/2021,2021,0,,MIN,GB,1475.438744,1600.214699,0.414814355,0.585185645,,,,,Kirk Cousins,Aaron Rodgers,220.6397324,236.2003084,17.44876527,-0.072721517,0.506608499,0.493391501,,,,,,,,,62,97,80
11/21/2021,2021,0,,NYJ,MIA,1346.021439,1503.637367,0.369784799,0.630215201,,,,,Zach Wilson,Tua Tagovailoa,77.08419013,110.0562556,-19.26622653,-20.2163193,0.383607723,0.616392277,,,,,,,,,9,51,30
11/21/2021,2021,0,,CLE,DET,1537.650482,1362.749899,0.799148148,0.200851852,,,,,Baker Mayfield,Jared Goff,170.6520908,183.5744661,2.247394272,9.824826669,0.818999293,0.181000707,,,,,,,,,23,23,23
11/21/2021,2021,0,,CAR,WSH,1492.087048,1449.907915,0.64952972,0.35047028,,,,,Sam Darnold,Ryan Fitzpatrick,130.0397245,171.2272029,-3.67602458,7.702369234,0.606740533,0.393259467,,,,,,,,,46,76,61
11/21/2021,2021,0,,JAX,SF,1306.809536,1531.424468,0.285198917,0.714801083,,,,,Trevor Lawrence,Jimmy Garoppolo,92.84412503,144.2088876,-15.79097589,4.426933833,0.239967428,0.760032572,,,,,,,,,20,25,23
11/21/2021,2021,0,,PHI,NO,1451.943257,1608.32966,0.371435732,0.628564268,,,,,Jalen Hurts,Jameis Winston,153.0584793,145.7746754,9.376351847,-16.56496024,0.476611461,0.523388539,,,,,,,,,50,90,70
11/21/2021,2021,0,,TEN,HOU,1527.353584,1434.034263,0.71327823,0.28672177,,,,,Ryan Tannehill,Tyrod Taylor,193.3657348,143.5136101,-1.075676299,-80.62939211,0.796905117,0.203094883,,,,,,,,,7,45,26
11/21/2021,2021,0,,BUF,IND,1637.367479,1516.39806,0.74469694,0.25530306,,,,,Josh Allen,Carson Wentz,230.0770693,119.4959807,2.012653373,-11.40767397,0.750876793,0.249123207,,,,,,,,,69,55,62
11/21/2021,2021,0,,CHI,BAL,1487.435642,1588.931607,0.447670414,0.552329586,,,,,Andy Dalton,Lamar Jackson,116.4158549,222.5107959,-12.78221248,8.452520354,0.428300704,0.571699296,,,,,,,,,56,68,62
11/21/2021,2021,0,,OAK,CIN,1530.085031,1417.892381,0.734973162,0.265026838,,,,,Derek Carr,Joe Burrow,209.7299275,134.9924757,13.68890913,-5.60658313,0.689667233,0.310332767,,,,,,,,,34,70,52
11/21/2021,2021,0,,SEA,ARI,1575.511783,1538.073811,0.643291803,0.356708197,,,,,Russell Wilson,Kyler Murray,197.926811,241.4490363,5.004026114,17.01481589,0.603544728,0.396455272,,,,,,,,,76,94,85
11/21/2021,2021,0,,KC,DAL,1644.239651,1469.026466,0.799436828,0.200563172,,,,,Patrick Mahomes,Dak Prescott,259.9076791,237.8719632,15.35337314,18.91308705,0.735557959,0.264442041,,,,,,,,,88,49,69
11/21/2021,2021,0,,LAC,PIT,1494.700509,1526.341132,0.547861015,0.452138985,,,,,Justin Herbert,Ben Roethlisberger,189.4545504,198.4307665,3.919295087,-1.720163266,0.621605559,0.378394441,,,,,,,,,54,90,72
11/22/2021,2021,0,,TB,NYG,1668.715956,1390.125197,0.878453642,0.121546358,,,,,Tom Brady,Daniel Jones,228.1888831,152.0589282,14.82627352,11.97442328,0.82808452,0.17191548,,,,,,,,,66,25,46
11/25/2021,2021,0,,DET,CHI,1362.749899,1487.435642,0.414940417,0.585059583,,,,,Jared Goff,Andy Dalton,183.5744661,116.4158549,9.824826669,-12.78221248,0.441446363,0.558553637,,,,,,,,,7,40,24
11/25/2021,2021,0,,DAL,OAK,1469.026466,1530.085031,0.505671937,0.494328063,,,,,Dak Prescott,Derek Carr,237.8719632,209.7299275,18.91308705,13.68890913,0.59911545,0.40088455,,,,,,,,,65,79,72
11/25/2021,2021,0,,NO,BUF,1608.32966,1637.367479,0.551569701,0.448430299,,,,,Jameis Winston,Josh Allen,145.7746754,230.0770693,-16.56496024,2.012653373,0.484678789,0.515321211,,,,,,,,,83,70,77
11/28/2021,2021,0,,NE,TEN,1517.646364,1527.353584,0.578907658,0.421092342,,,,,Mac Jones,Ryan Tannehill,114.5667012,193.3657348,-10.04701618,-1.075676299,0.604027177,0.395972823,,,,,,,,,57,82,70
11/28/2021,2021,0,,HOU,NYJ,1434.034263,1346.021439,0.706990588,0.293009412,,,,,Tyrod Taylor,Zach Wilson,143.5136101,77.08419013,-80.62939211,-19.26622653,0.53902933,0.46097067,,,,,,,,,0,11,6
11/28/2021,2021,0,,NYG,PHI,1390.125197,1451.943257,0.504579051,0.495420949,,,,,Daniel Jones,Jalen Hurts,152.0589282,153.0584793,11.97442328,9.376351847,0.518441152,0.481558848,,,,,,,,,21,67,44
11/28/2021,2021,0,,JAX,ATL,1306.809536,1428.668562,0.418896048,0.581103952,,,,,Trevor Lawrence,Matt Ryan,92.84412503,163.8635561,-15.79097589,-6.065300065,0.461065772,0.538934228,,,,,,,,,2,13,8
11/28/2021,2021,0,,CIN,PIT,1417.892381,1526.341132,0.43779615,0.56220385,,,,,Joe Burrow,Ben Roethlisberger,134.9924757,198.4307665,-5.60658313,-1.720163266,0.470606267,0.529393733,,,,,,,,,29,80,55
11/28/2021,2021,0,,IND,TB,1516.39806,1668.715956,0.376919939,0.623080061,,,,,Carson Wentz,Tom Brady,119.4959807,228.1888831,-11.40767397,14.82627352,0.324337287,0.675662713,,,,,,,,,79,61,70
11/28/2021,2021,0,,MIA,CAR,1503.637367,1492.087048,0.608416059,0.391583941,,,,,Tua Tagovailoa,Sam Darnold,110.0562556,130.0397245,-20.2163193,-3.67602458,0.547992305,0.452007695,,,,,,,,,45,87,66
11/28/2021,2021,0,,DEN,LAC,1497.591901,1494.700509,0.596478702,0.403521298,,,,,Teddy Bridgewater,Justin Herbert,178.2023088,189.4545504,20.02789221,3.919295087,0.657760266,0.342239734,,,,,,,,,68,91,80
11/28/2021,2021,0,,GB,LAR,1600.214699,1603.515387,0.587870675,0.412129325,,,,,Aaron Rodgers,Matthew Stafford,236.2003084,175.607385,-0.072721517,7.058662646,0.478630009,0.521369991,,,,,,,,,83,82,83
11/28/2021,2021,0,,SF,MIN,1531.424468,1475.438744,0.66740018,0.33259982,,,,,Jimmy Garoppolo,Kirk Cousins,144.2088876,220.6397324,4.426933833,17.44876527,0.699157843,0.300842157,,,,,,,,,69,68,69
11/28/2021,2021,0,,BAL,CLE,1588.931607,1537.650482,0.661361622,0.338638378,,,,,Lamar Jackson,Baker Mayfield,222.5107959,170.6520908,8.452520354,2.247394272,0.611442676,0.388557324,,,,,,,,,82,95,89
11/29/2021,2021,0,,WSH,SEA,1449.907915,1575.511783,0.413657949,0.586342051,,,,,Ryan Fitzpatrick,Russell Wilson,171.2272029,197.926811,7.702369234,5.004026114,0.479957475,0.520042525,,,,,,,,,61,78,70
12/2/2021,2021,0,,NO,DAL,1608.32966,1469.026466,0.764239313,0.235760687,,,,,Jameis Winston,Dak Prescott,145.7746754,237.8719632,-16.56496024,18.91308705,0.58889758,0.41110242,,,,,,,,,68,90,79
12/5/2021,2021,0,,CHI,ARI,1487.435642,1538.073811,0.520656572,0.479343428,,,,,Andy Dalton,Kyler Murray,116.4158549,241.4490363,-12.78221248,17.01481589,0.409911835,0.590088165,,,,,,,,,48,82,65
12/5/2021,2021,0,,MIA,NYG,1503.637367,1390.125197,0.73645008,0.26354992,,,,,Tua Tagovailoa,Daniel Jones,110.0562556,152.0589282,-20.2163193,11.97442328,0.660508547,0.339491453,,,,,,,,,24,54,39
12/5/2021,2021,0,,HOU,IND,1434.034263,1516.39806,0.475032272,0.524967728,,,,,Tyrod Taylor,Carson Wentz,143.5136101,119.4959807,-80.62939211,-11.40767397,0.341969071,0.658030929,,,,,,,,,5,53,29
12/5/2021,2021,0,,KC,DEN,1644.239651,1497.591901,0.771771708,0.228228292,,,,,Patrick Mahomes,Teddy Bridgewater,259.9076791,178.2023088,15.35337314,20.02789221,0.745175636,0.254824364,,,,,,,,,90,61,76
12/5/2021,2021,0,,NYJ,PHI,1346.021439,1451.943257,0.441379594,0.558620406,,,,,Zach Wilson,Jalen Hurts,77.08419013,153.0584793,-19.26622653,9.376351847,0.396958478,0.603041522,,,,,,,,,7,35,21
12/5/2021,2021,0,,ATL,TB,1428.668562,1668.715956,0.267439257,0.732560743,,,,,Matt Ryan,Tom Brady,163.8635561,228.1888831,-6.065300065,14.82627352,0.237533413,0.762466587,,,,,,,,,60,35,48
12/5/2021,2021,0,,CIN,LAC,1417.892381,1494.700509,0.483013278,0.516986722,,,,,Joe Burrow,Justin Herbert,134.9924757,189.4545504,-5.60658313,3.919295087,0.447620865,0.552379135,,,,,,,,,34,74,54
12/5/2021,2021,0,,DET,MIN,1362.749899,1475.438744,0.431798011,0.568201989,,,,,Jared Goff,Kirk Cousins,183.5744661,220.6397324,9.824826669,17.44876527,0.374849762,0.625150238,,,,,,,,,14,44,29
12/5/2021,2021,0,,OAK,WSH,1530.085031,1449.907915,0.697560219,0.302439781,,,,,Derek Carr,Ryan Fitzpatrick,209.7299275,171.2272029,13.68890913,7.702369234,0.64526682,0.35473318,,,,,,,,,51,65,58
12/5/2021,2021,0,,PIT,BAL,1526.341132,1588.931607,0.503467529,0.496532471,,,,,Ben Roethlisberger,Lamar Jackson,198.4307665,222.5107959,-1.720163266,8.452520354,0.460794053,0.539205947,,,,,,,,,69,95,82
12/5/2021,2021,0,,LAR,JAX,1603.515387,1306.809536,0.88915574,0.11084426,,,,,Matthew Stafford,Trevor Lawrence,175.607385,92.84412503,7.058662646,-15.79097589,0.880272876,0.119727124,,,,,,,,,22,13,18
12/5/2021,2021,0,,SEA,SF,1575.511783,1531.424468,0.652026088,0.347973912,,,,,Russell Wilson,Jimmy Garoppolo,197.926811,144.2088876,5.004026114,4.426933833,0.551757065,0.448242935,,,,,,,,,82,92,87
12/6/2021,2021,0,,BUF,NE,1637.367479,1517.646364,0.743328347,0.256671653,,,,,Josh Allen,Mac Jones,230.0770693,114.5667012,2.012653373,-10.04701618,0.696380695,0.303619305,,,,,,,,,80,88,84
12/9/2021,2021,0,,MIN,PIT,1475.438744,1526.341132,0.520276967,0.479723033,,,,,Kirk Cousins,Ben Roethlisberger,220.6397324,198.4307665,17.44876527,-1.720163266,0.582234626,0.417765374,,,,,,,,,49,73,61
12/12/2021,2021,0,,CIN,SF,1417.892381,1531.424468,0.430607464,0.569392536,,,,,Joe Burrow,Jimmy Garoppolo,134.9924757,144.2088876,-5.60658313,4.426933833,0.362356768,0.637643232,,,,,,,,,49,58,54
12/12/2021,2021,0,,KC,OAK,1644.239651,1530.085031,0.737167248,0.262832752,,,,,Patrick Mahomes,Derek Carr,259.9076791,209.7299275,15.35337314,13.68890913,0.750217347,0.249782653,,,,,,,,,87,72,80
12/12/2021,2021,0,,WSH,DAL,1449.907915,1469.026466,0.565647544,0.434352456,,,,,Ryan Fitzpatrick,Dak Prescott,171.2272029,237.8719632,7.702369234,18.91308705,0.512536596,0.487463404,,,,,,,,,54,90,72
12/12/2021,2021,0,,NYJ,NO,1346.021439,1608.32966,0.243092794,0.756907206,,,,,Zach Wilson,Jameis Winston,77.08419013,145.7746754,-19.26622653,-16.56496024,0.30397678,0.69602322,,,,,,,,,17,37,27
12/12/2021,2021,0,,TEN,JAX,1527.353584,1306.809536,0.838040981,0.161959019,,,,,Ryan Tannehill,Trevor Lawrence,193.3657348,92.84412503,-1.075676299,-15.79097589,0.826574942,0.173425058,,,,,,,,,10,35,23
12/12/2021,2021,0,,HOU,SEA,1434.034263,1575.511783,0.391683786,0.608316214,,,,,Tyrod Taylor,Russell Wilson,143.5136101,197.926811,-80.62939211,5.004026114,0.244397596,0.755602404,,,,,,,,,14,35,25
12/12/2021,2021,0,,CAR,ATL,1492.087048,1428.668562,0.676828818,0.323171182,,,,,Sam Darnold,Matt Ryan,130.0397245,163.8635561,-3.67602458,-6.065300065,0.739759612,0.260240388,,,,,,,,,24,56,40
12/12/2021,2021,0,,CLE,BAL,1537.650482,1588.931607,0.519732793,0.480267207,,,,,Baker Mayfield,Lamar Jackson,170.6520908,222.5107959,2.247394272,8.452520354,0.583693384,0.416306616,,,,,,,,,82,95,89
12/12/2021,2021,0,,DEN,DET,1497.591901,1362.749899,0.759580874,0.240419126,,,,,Teddy Bridgewater,Jared Goff,178.2023088,183.5744661,20.02789221,9.824826669,0.816003558,0.183996442,,,,,,,,,22,24,23
12/12/2021,2021,0,,LAC,NYG,1494.700509,1390.125197,0.726344413,0.273655587,,,,,Justin Herbert,Daniel Jones,189.4545504,152.0589282,3.919295087,11.97442328,0.719826838,0.280173162,,,,,,,,,34,45,40
12/12/2021,2021,0,,TB,BUF,1668.715956,1637.367479,0.635208288,0.364791712,,,,,Tom Brady,Josh Allen,228.1888831,230.0770693,14.82627352,2.012653373,0.653374864,0.346625136,,,,,,,,,96,50,73
12/12/2021,2021,0,,GB,CHI,1600.214699,1487.435642,0.73563017,0.26436983,,,,,Aaron Rodgers,Andy Dalton,236.2003084,116.4158549,-0.072721517,-12.78221248,0.739630299,0.260369701,,,,,,,,,48,91,70
12/13/2021,2021,0,,ARI,LAR,1538.073811,1603.515387,0.499364522,0.500635478,,,,,Kyler Murray,Matthew Stafford,241.4490363,175.607385,17.01481589,7.058662646,0.50428848,0.49571152,,,,,,,,,83,93,88
12/16/2021,2021,0,,LAC,KC,1494.700509,1644.239651,0.380683903,0.619316097,,,,,Justin Herbert,Patrick Mahomes,189.4545504,259.9076791,3.919295087,15.35337314,0.395335413,0.604664587,,,,,,,,,86,86,86
12/19/2021,2021,0,,MIA,NYJ,1503.637367,1346.021439,0.78270165,0.21729835,,,,,Tua Tagovailoa,Zach Wilson,110.0562556,77.08419013,-20.2163193,-19.26622653,0.786074762,0.213925238,,,,,,,,,9,36,23
12/19/2021,2021,0,,IND,NE,1516.39806,1517.646364,0.590730069,0.409269931,,,,,Carson Wentz,Mac Jones,119.4959807,114.5667012,-11.40767397,-10.04701618,0.51570923,0.48429077,,,,,,,,,49,90,70
12/19/2021,2021,0,,BUF,CAR,1637.367479,1492.087048,0.770382358,0.229617642,,,,,Josh Allen,Sam Darnold,230.0770693,130.0397245,2.012653373,-3.67602458,0.720929134,0.279070866,,,,,,,,,76,59,68
12/19/2021,2021,0,,PHI,WSH,1451.943257,1449.907915,0.595292054,0.404707946,,,,,Jalen Hurts,Ryan Fitzpatrick,153.0584793,171.2272029,9.376351847,7.702369234,0.587689239,0.412310761,,,,,,,,,36,85,61
12/19/2021,2021,0,,CLE,OAK,1537.650482,1530.085031,0.602937612,0.397062388,,,,,Baker Mayfield,Derek Carr,170.6520908,209.7299275,2.247394272,13.68890913,0.636586058,0.363413942,,,,,,,,,70,92,81
12/19/2021,2021,0,,DET,ARI,1362.749899,1538.073811,0.346360578,0.653639422,,,,,Jared Goff,Kyler Murray,183.5744661,241.4490363,9.824826669,17.01481589,0.315972997,0.684027003,,,,,,,,,21,45,33
12/19/2021,2021,0,,JAX,HOU,1306.809536,1434.034263,0.411396739,0.588603261,,,,,Trevor Lawrence,Tyrod Taylor,92.84412503,143.5136101,-15.79097589,-80.62939211,0.604684851,0.395315149,,,,,,,,,0,14,7
12/19/2021,2021,0,,BAL,GB,1588.931607,1600.214699,0.57669471,0.42330529,,,,,Lamar Jackson,Aaron Rodgers,222.5107959,236.2003084,8.452520354,-0.072721517,0.626309038,0.373690962,,,,,,,,,80,75,78
12/19/2021,2021,0,,PIT,TEN,1526.341132,1527.353584,0.591058271,0.408941729,,,,,Ben Roethlisberger,Ryan Tannehill,198.4307665,193.3657348,-1.720163266,-1.075676299,0.567964561,0.432035439,,,,,,,,,51,80,66
12/19/2021,2021,0,,NYG,DAL,1390.125197,1469.026466,0.480005134,0.519994866,,,,,Daniel Jones,Dak Prescott,152.0589282,237.8719632,11.97442328,18.91308705,0.425743802,0.574256198,,,,,,,,,36,77,57
12/19/2021,2021,0,,DEN,CIN,1497.591901,1417.892381,0.696979892,0.303020108,,,,,Teddy Bridgewater,Joe Burrow,178.2023088,134.9924757,20.02789221,-5.60658313,0.747630065,0.252369935,,,,,,,,,41,61,51
12/19/2021,2021,0,,SF,ATL,1531.424468,1428.668562,0.724257717,0.275742283,,,,,Jimmy Garoppolo,Matt Ryan,144.2088876,163.8635561,4.426933833,-6.065300065,0.803858261,0.196141739,,,,,,,,,43,34,39
12/19/2021,2021,0,,LAR,SEA,1603.515387,1575.511783,0.630735121,0.369264879,,,,,Matthew Stafford,Russell Wilson,175.607385,197.926811,7.058662646,5.004026114,0.638343141,0.361656859,,,,,,,,,85,91,88
12/19/2021,2021,0,,TB,NO,1668.715956,1608.32966,0.672999204,0.327000796,,,,,Tom Brady,Jameis Winston,228.1888831,145.7746754,14.82627352,-16.56496024,0.735706228,0.264293772,,,,,,,,,90,75,83
12/20/2021,2021,0,,CHI,MIN,1487.435642,1475.438744,0.609028352,0.390971648,,,,,Andy Dalton,Kirk Cousins,116.4158549,220.6397324,-12.78221248,17.44876527,0.51039756,0.48960244,,,,,,,,,35,90,63
12/23/2021,2021,0,,TEN,SF,1527.353584,1531.424468,0.586796091,0.413203909,,,,,Ryan Tannehill,Jimmy Garoppolo,193.3657348,144.2088876,-1.075676299,4.426933833,0.481792389,0.518207611,,,,,,,,,72,68,70
12/25/2021,2021,0,,GB,CLE,1600.214699,1537.650482,0.675752257,0.324247743,,,,,Aaron Rodgers,Baker Mayfield,236.2003084,170.6520908,-0.072721517,2.247394272,0.567378671,0.432621329,,,,,,,,,76,84,80
12/25/2021,2021,0,,ARI,IND,1538.073811,1516.39806,0.622211543,0.377788457,,,,,Kyler Murray,Carson Wentz,241.4490363,119.4959807,17.01481589,-11.40767397,0.683687344,0.316312656,,,,,,,,,55,71,63
12/26/2021,2021,0,,PHI,NYG,1451.943257,1390.125197,0.674810416,0.325189584,,,,,Jalen Hurts,Daniel Jones,153.0584793,152.0589282,9.376351847,11.97442328,0.637225359,0.362774641,,,,,,,,,21,64,43
12/26/2021,2021,0,,ATL,DET,1428.668562,1362.749899,0.679968796,0.320031204,,,,,Matt Ryan,Jared Goff,163.8635561,183.5744661,-6.065300065,9.824826669,0.649386875,0.350613125,,,,,,,,,4,13,9
12/26/2021,2021,0,,MIN,LAR,1475.438744,1603.515387,0.410209751,0.589790249,,,,,Kirk Cousins,Matthew Stafford,220.6397324,175.607385,17.44876527,7.058662646,0.439523353,0.560476647,,,,,,,,,73,80,77
12/26/2021,2021,0,,CIN,BAL,1417.892381,1588.931607,0.351965482,0.648034518,,,,,Joe Burrow,Lamar Jackson,134.9924757,222.5107959,-5.60658313,8.452520354,0.356135516,0.643864484,,,,,,,,,48,81,65
12/26/2021,2021,0,,NYJ,JAX,1346.021439,1306.809536,0.645631583,0.354368417,,,,,Zach Wilson,Trevor Lawrence,77.08419013,92.84412503,-19.26622653,-15.79097589,0.608140772,0.391859228,,,,,,,,,0,8,4
12/26/2021,2021,0,,CAR,TB,1492.087048,1668.715956,0.344661832,0.655338168,,,,,Sam Darnold,Tom Brady,130.0397245,228.1888831,-3.67602458,14.82627352,0.357768172,0.642231828,,,,,,,,,84,90,87
12/26/2021,2021,0,,NE,BUF,1517.646364,1637.367479,0.421894752,0.578105248,,,,,Mac Jones,Josh Allen,114.5667012,230.0770693,-10.04701618,2.012653373,0.455344927,0.544655073,,,,,,,,,80,92,86
12/26/2021,2021,0,,HOU,LAC,1434.034263,1494.700509,0.506236451,0.493763549,,,,,Tyrod Taylor,Justin Herbert,143.5136101,189.4545504,-80.62939211,3.919295087,0.287583187,0.712416813,,,,,,,,,9,41,25
12/26/2021,2021,0,,SEA,CHI,1575.511783,1487.435642,0.707066085,0.292933915,,,,,Russell Wilson,Andy Dalton,197.926811,116.4158549,5.004026114,-12.78221248,0.732123343,0.267876657,,,,,,,,,51,70,61
12/26/2021,2021,0,,OAK,DEN,1530.085031,1497.591901,0.636733754,0.363266246,,,,,Derek Carr,Teddy Bridgewater,209.7299275,178.2023088,13.68890913,20.02789221,0.543259925,0.456740075,,,,,,,,,68,95,82
12/26/2021,2021,0,,KC,PIT,1644.239651,1526.341132,0.741321516,0.258678484,,,,,Patrick Mahomes,Ben Roethlisberger,259.9076791,198.4307665,15.35337314,-1.720163266,0.775206221,0.224793779,,,,,,,,,83,62,73
12/26/2021,2021,0,,DAL,WSH,1469.026466,1449.907915,0.618745121,0.381254879,,,,,Dak Prescott,Ryan Fitzpatrick,237.8719632,171.2272029,18.91308705,7.702369234,0.654462311,0.345537689,,,,,,,,,54,91,73
12/27/2021,2021,0,,NO,MIA,1608.32966,1503.637367,0.726478242,0.273521758,,,,,Jameis Winston,Tua Tagovailoa,145.7746754,110.0562556,-16.56496024,-20.2163193,0.665509901,0.334490099,,,,,,,,,54,82,68
1/2/2022,2021,0,,DAL,ARI,1469.026466,1538.073811,0.494175665,0.505824335,,,,,Dak Prescott,Kyler Murray,237.8719632,241.4490363,18.91308705,17.01481589,0.564344393,0.435655607,,,,,,,,,70,89,80
1/2/2022,2021,0,,NYJ,TB,1346.021439,1668.715956,0.184913079,0.815086921,,,,,Zach Wilson,Tom Brady,77.08419013,228.1888831,-19.26622653,14.82627352,0.178239731,0.821760269,,,,,,,,,40,16,28
1/2/2022,2021,0,,TEN,MIA,1527.353584,1503.637367,0.624968586,0.375031414,,,,,Ryan Tannehill,Tua Tagovailoa,193.3657348,110.0562556,-1.075676299,-20.2163193,0.623675459,0.376324541,,,,,,,,,46,86,66
1/2/2022,2021,0,,NO,CAR,1608.32966,1492.087048,0.739489389,0.260510611,,,,,Jameis Winston,Sam Darnold,145.7746754,130.0397245,-16.56496024,-3.67602458,0.633866863,0.366133137,,,,,,,,,60,96,78
1/2/2022,2021,0,,NE,JAX,1517.646364,1306.809536,0.830312612,0.169687388,,,,,Mac Jones,Trevor Lawrence,114.5667012,92.84412503,-10.04701618,-15.79097589,0.819565255,0.180434745,,,,,,,,,12,27,20
1/2/2022,2021,0,,WSH,PHI,1449.907915,1451.943257,0.589634277,0.410365723,,,,,Ryan Fitzpatrick,Jalen Hurts,171.2272029,153.0584793,7.702369234,9.376351847,0.605381904,0.394618096,,,,,,,,,36,82,59
1/2/2022,2021,0,,CIN,KC,1417.892381,1644.239651,0.283170354,0.716829646,,,,,Joe Burrow,Patrick Mahomes,134.9924757,259.9076791,-5.60658313,15.35337314,0.266039864,0.733960136,,,,,,,,,65,53,59
1/2/2022,2021,0,,CHI,NYG,1487.435642,1390.125197,0.717953738,0.282046262,,,,,Andy Dalton,Daniel Jones,116.4158549,152.0589282,-12.78221248,11.97442328,0.619641648,0.380358352,,,,,,,,,19,45,32
1/2/2022,2021,0,,BUF,ATL,1637.367479,1428.668562,0.828571607,0.171428393,,,,,Josh Allen,Matt Ryan,230.0770693,163.8635561,2.012653373,-6.065300065,0.822262441,0.177737559,,,,,,,,,49,24,37
1/2/2022,2021,0,,IND,OAK,1516.39806,1530.085031,0.573313108,0.426686892,,,,,Carson Wentz,Derek Carr,119.4959807,209.7299275,-11.40767397,13.68890913,0.518181467,0.481818533,,,,,,,,,49,89,69
1/2/2022,2021,0,,LAC,DEN,1494.700509,1497.591901,0.588441389,0.411558611,,,,,Justin Herbert,Teddy Bridgewater,189.4545504,178.2023088,3.919295087,20.02789221,0.540504061,0.459495939,,,,,,,,,68,94,81
1/2/2022,2021,0,,SF,HOU,1531.424468,1434.034263,0.718046701,0.281953299,,,,,Jimmy Garoppolo,Tyrod Taylor,144.2088876,143.5136101,4.426933833,-80.62939211,0.877384969,0.122615031,,,,,,,,,17,15,16
1/2/2022,2021,0,,SEA,DET,1575.511783,1362.749899,0.831868216,0.168131784,,,,,Russell Wilson,Jared Goff,197.926811,183.5744661,5.004026114,9.824826669,0.827407424,0.172592576,,,,,,,,,24,27,26
1/2/2022,2021,0,,BAL,LAR,1588.931607,1603.515387,0.57204977,0.42795023,,,,,Lamar Jackson,Matthew Stafford,222.5107959,175.607385,8.452520354,7.058662646,0.563448327,0.436551673,,,,,,,,,88,73,81
1/2/2022,2021,0,,GB,MIN,1600.214699,1475.438744,0.748840575,0.251159425,,,,,Aaron Rodgers,Kirk Cousins,236.2003084,220.6397324,-0.072721517,17.44876527,0.649906039,0.350093961,,,,,,,,,62,97,80
1/3/2022,2021,0,,PIT,CLE,1526.341132,1537.650482,0.57665781,0.42334219,,,,,Ben Roethlisberger,Baker Mayfield,198.4307665,170.6520908,-1.720163266,2.247394272,0.492653501,0.507346499,,,,,,,,,64,96,80
1/9/2022,2021,0,,BUF,NYJ,1637.367479,1346.021439,0.886078174,0.113921826,,,,,Josh Allen,Zach Wilson,230.0770693,77.08419013,2.012653373,-19.26622653,0.869654495,0.130345505,,,,,,,,,30,19,25
1/9/2022,2021,0,,MIN,CHI,1475.438744,1487.435642,0.575691314,0.424308686,,,,,Kirk Cousins,Andy Dalton,220.6397324,116.4158549,17.44876527,-12.78221248,0.647483893,0.352516107,,,,,,,,,35,87,61
1/9/2022,2021,0,,CLE,CIN,1537.650482,1417.892381,0.743368966,0.256631034,,,,,Baker Mayfield,Joe Burrow,170.6520908,134.9924757,2.247394272,-5.60658313,0.75224208,0.24775792,,,,,,,,,43,71,57
1/9/2022,2021,0,,MIA,NE,1503.637367,1517.646364,0.572859579,0.427140421,,,,,Tua Tagovailoa,Mac Jones,110.0562556,114.5667012,-20.2163193,-10.04701618,0.522599768,0.477400232,,,,,,,,,50,98,74
1/9/2022,2021,0,,BAL,PIT,1588.931607,1526.341132,0.675785376,0.324214624,,,,,Lamar Jackson,Ben Roethlisberger,222.5107959,198.4307665,8.452520354,-1.720163266,0.689856767,0.310143233,,,,,,,,,69,92,81
1/9/2022,2021,0,,HOU,TEN,1434.034263,1527.353584,0.459335238,0.540664762,,,,,Tyrod Taylor,Ryan Tannehill,143.5136101,193.3657348,-80.62939211,-1.075676299,0.300103328,0.699896672,,,,,,,,,7,57,32
1/9/2022,2021,0,,JAX,IND,1306.809536,1516.39806,0.303155069,0.696844931,,,,,Trevor Lawrence,Carson Wentz,92.84412503,119.4959807,-15.79097589,-11.40767397,0.36145351,0.63854649,,,,,,,,,6,46,26
1/9/2022,2021,0,,DET,GB,1362.749899,1600.214699,0.270361906,0.729638094,,,,,Jared Goff,Aaron Rodgers,183.5744661,236.2003084,9.824826669,-0.072721517,0.307187929,0.692812071,,,,,,,,,21,50,36
1/9/2022,2021,0,,PHI,DAL,1451.943257,1469.026466,0.568523898,0.431476102,,,,,Jalen Hurts,Dak Prescott,153.0584793,237.8719632,9.376351847,18.91308705,0.485969934,0.514030066,,,,,,,,,49,98,74
1/9/2022,2021,0,,TB,CAR,1668.715956,1492.087048,0.80074032,0.19925968,,,,,Tom Brady,Sam Darnold,228.1888831,130.0397245,14.82627352,-3.67602458,0.775876791,0.224123209,,,,,,,,,84,68,76
1/9/2022,2021,0,,ATL,NO,1428.668562,1608.32966,0.340730101,0.659269899,,,,,Matt Ryan,Jameis Winston,163.8635561,145.7746754,-6.065300065,-16.56496024,0.384643917,0.615356083,,,,,,,,,33,68,51
1/9/2022,2021,0,,NYG,WSH,1390.125197,1449.907915,0.507507707,0.492492293,,,,,Daniel Jones,Ryan Fitzpatrick,152.0589282,171.2272029,11.97442328,7.702369234,0.491920659,0.508079341,,,,,,,,,25,47,36
1/9/2022,2021,0,,ARI,SEA,1538.073811,1575.511783,0.53958195,0.46041805,,,,,Kyler Murray,Russell Wilson,241.4490363,197.926811,17.01481589,5.004026114,0.56558522,0.43441478,,,,,,,,,76,96,86
1/9/2022,2021,0,,OAK,LAC,1530.085031,1494.700509,0.640574789,0.359425211,,,,,Derek Carr,Justin Herbert,209.7299275,189.4545504,13.68890913,3.919295087,0.5837812,0.4162188,,,,,,,,,61,97,79
1/9/2022,2021,0,,LAR,SF,1603.515387,1531.424468,0.687650673,0.312349327,,,,,Matthew Stafford,Jimmy Garoppolo,175.607385,144.2088876,7.058662646,4.426933833,0.605708519,0.394291481,,,,,,,,,88,82,85
1/9/2022,2021,0,,DEN,KC,1497.591901,1644.239651,0.384615716,0.615384284,,,,,Teddy Bridgewater,Patrick Mahomes,178.2023088,259.9076791,20.02789221,15.35337314,0.432929663,0.567070337,,,,,,,,,90,85,88
